Country,"Density
(P/Km2)",Agricultural Land( %),Land Area(Km2),Armed Forces size,Birth Rate,Co2-Emissions,CPI,CPI Change (%),Fertility Rate,Forested Area (%),Gasoline Price,GDP,Gross primary education enrollment (%),Gross tertiary education enrollment (%),Infant mortality,Life expectancy,Maternal mortality ratio,Minimum wage,Out of pocket health expenditure,Physicians per thousand,Population,Population: Labor force participation (%),Tax revenue (%),Total tax rate,Unemployment rate,Urban_population,Latitude,Longitude,Urban Percentage,Life expectancy group
Afghanistan,60,58.10%,"652,230","323,000",32.49,"8,672",149.9,2.30%,4.47,2.10%,$0.70 ,"$19,101,353,833 ",104.00%,9.70%,47.9,64.5,638.0,$0.43 ,78.40%,0.28,38041754.0,48.90%,9.30%,71.40%,11.12%,9797273.0,33.93911,67.709953,25.753999145254973,0
Albania,105,43.10%,"28,748","9,000",11.78,"4,536",119.05,1.40%,1.62,28.10%,$1.36 ,"$15,278,077,447 ",107.00%,55.00%,7.8,78.5,15.0,$1.12 ,56.90%,1.2,2854191.0,55.70%,18.60%,36.60%,12.33%,1747593.0,41.153332,20.168331,61.22901375556155,1
Algeria,18,17.40%,"2,381,741","317,000",24.28,"150,006",151.36,2.00%,3.02,0.80%,$0.28 ,"$169,988,236,398 ",109.90%,51.40%,20.1,76.7,112.0,$0.95 ,28.10%,1.72,43053054.0,41.20%,37.20%,66.10%,11.70%,31510100.0,28.033886,1.659626,73.18900071525704,1
Andorra,164,40.00%,468,,7.2,469,,,1.27,34.00%,$1.51 ,"$3,154,057,987 ",106.40%,,2.7,,,$6.63 ,36.40%,3.33,77142.0,,,,,67873.0,42.506285,1.521801,87.98449612403101,0
Angola,26,47.50%,"1,246,700","117,000",40.73,"34,693",261.73,17.10%,5.52,46.30%,$0.97 ,"$94,635,415,870 ",113.50%,9.30%,51.6,60.8,241.0,$0.71 ,33.40%,0.21,31825295.0,77.50%,9.20%,49.10%,6.89%,21061025.0,-11.202692,17.873887,66.17699851643167,0
Antigua and Barbuda,223,20.50%,443,0,15.33,557,113.81,1.20%,1.99,22.30%,$0.99 ,"$1,727,759,259 ",105.00%,24.80%,5.0,76.9,42.0,$3.04 ,24.30%,2.76,97118.0,,16.50%,43.00%,,23800.0,17.060816,-61.796428,24.506270722214214,1
Argentina,17,54.30%,"2,780,400","105,000",17.02,"201,348",232.75,53.50%,2.26,9.80%,$1.10 ,"$449,663,446,954 ",109.70%,90.00%,8.8,76.5,39.0,$3.35 ,17.60%,3.96,44938712.0,61.30%,10.10%,106.30%,9.79%,41339571.0,-38.416097,-63.616672,91.99100098819032,1
Armenia,104,58.90%,"29,743","49,000",13.99,"5,156",129.18,1.40%,1.76,11.70%,$0.77 ,"$13,672,802,158 ",92.70%,54.60%,11.0,74.9,26.0,$0.66 ,81.60%,4.4,2957731.0,55.60%,20.90%,22.60%,16.99%,1869848.0,40.069099,45.038189,63.219001322297395,1
Australia,3,48.20%,"7,741,220","58,000",12.6,"375,908",119.8,1.60%,1.74,16.30%,$0.93 ,"$1,392,680,589,329 ",100.30%,113.10%,3.1,82.7,6.0,$13.59 ,19.60%,3.68,25766605.0,65.50%,23.00%,47.40%,5.27%,21844756.0,-25.274398,133.775136,84.77933355985392,1
Austria,109,32.40%,"83,871","21,000",9.7,"61,448",118.06,1.50%,1.47,46.90%,$1.20 ,"$446,314,739,528 ",103.10%,85.10%,2.9,81.6,5.0,,17.90%,5.17,8877067.0,60.70%,25.40%,51.40%,4.67%,5194416.0,47.516231,14.550072,58.51500275935734,1
Azerbaijan,123,57.70%,"86,600","82,000",14.0,"37,620",156.32,2.60%,1.73,14.10%,$0.56 ,"$39,207,000,000 ",99.70%,27.70%,19.2,72.9,26.0,$0.47 ,78.60%,3.45,10023318.0,66.50%,13.00%,40.70%,5.51%,5616165.0,40.143105,47.576927,56.03099692137873,1
The Bahamas,39,1.40%,"13,880","1,000",13.97,"1,786",116.22,2.50%,1.75,51.40%,$0.92 ,"$12,827,000,000 ",81.40%,15.10%,8.3,73.8,70.0,$5.25 ,27.80%,1.94,389482.0,74.60%,14.80%,33.80%,10.36%,323784.0,25.03428,-77.39628,83.13195475015533,1
Bahrain,"2,239",11.10%,765,"19,000",13.99,"31,694",117.59,2.10%,1.99,0.80%,$0.43 ,"$38,574,069,149 ",99.40%,50.50%,6.1,77.2,14.0,,25.10%,0.93,1501635.0,73.40%,4.20%,13.80%,0.71%,1467109.0,26.0667,50.5577,97.7007728242882,1
Bangladesh,"1,265",70.60%,"148,460","221,000",18.18,"84,246",179.68,5.60%,2.04,11.00%,$1.12 ,"$302,571,254,131 ",116.50%,20.60%,25.1,72.3,173.0,$0.51 ,71.80%,0.58,167310838.0,59.00%,8.80%,33.40%,4.19%,60987417.0,23.684994,90.356331,36.45156388494091,1
Barbados,668,23.30%,430,"1,000",10.65,"1,276",134.09,4.10%,1.62,14.70%,$1.81 ,"$5,209,000,000 ",99.40%,65.40%,11.3,79.1,27.0,$3.13 ,45.20%,2.48,287025.0,65.20%,27.50%,35.60%,10.33%,89431.0,13.193887,-59.543198,31.15791307377406,1
Belarus,47,42.00%,"207,600","155,000",9.9,"58,280",,5.60%,1.45,42.60%,$0.60 ,"$63,080,457,023 ",100.50%,87.40%,2.6,74.2,2.0,$1.49 ,34.50%,5.19,9466856.0,64.10%,14.70%,53.30%,4.59%,7482982.0,53.709807,27.953389,79.04400362696971,1
Belgium,383,44.60%,"30,528","32,000",10.3,"96,889",117.11,1.40%,1.62,22.60%,$1.43 ,"$529,606,710,418 ",103.90%,79.70%,2.9,81.6,5.0,$10.31 ,17.60%,3.07,11484055.0,53.60%,24.00%,55.40%,5.59%,11259082.0,50.503887,4.469936,98.04099684301407,1
Belize,17,7.00%,"22,966","2,000",20.79,568,105.68,-0.90%,2.31,59.70%,$1.13 ,"$1,879,613,600 ",111.70%,24.70%,11.2,74.5,36.0,$1.65 ,22.70%,1.12,390353.0,65.10%,26.30%,31.10%,6.41%,179039.0,17.189877,-88.49765,45.865921358360254,1
Benin,108,33.30%,"112,622","12,000",36.22,"6,476",110.71,-0.90%,4.84,37.80%,$0.72 ,"$14,390,709,095 ",122.00%,12.30%,60.5,61.5,397.0,$0.39 ,40.50%,0.08,11801151.0,70.90%,10.80%,48.90%,2.23%,5648149.0,9.30769,2.315834,47.86100101591785,0
Bhutan,20,13.60%,"38,394","6,000",17.26,"1,261",167.18,2.70%,1.98,72.50%,$0.98 ,"$2,446,674,101 ",100.10%,15.60%,24.8,71.5,183.0,$0.32 ,19.80%,0.42,727145.0,66.70%,16.00%,35.30%,2.34%,317538.0,27.514162,90.433601,43.6691443934841,0
Bolivia,11,34.80%,"1,098,581","71,000",21.75,"21,606",148.32,1.80%,2.73,50.30%,$0.71 ,"$40,895,322,865 ",98.20%,,21.8,71.2,155.0,$1.36 ,25.90%,1.59,11513100.0,71.80%,17.00%,83.70%,3.50%,8033035.0,-16.290154,-63.588653,69.77299771564566,0
Bosnia and Herzegovina,64,43.10%,"51,197","11,000",8.11,"21,848",104.9,0.60%,1.27,42.70%,$1.05 ,"$20,047,848,435 ",,23.30%,5.0,77.3,10.0,$1.04 ,28.60%,2.16,3301000.0,46.40%,20.40%,23.70%,18.42%,1605144.0,43.915886,17.679076,48.62599212359891,1
Botswana,4,45.60%,"581,730","9,000",24.82,"6,340",149.75,2.80%,2.87,18.90%,$0.71 ,"$18,340,510,789 ",103.20%,24.90%,30.0,69.3,144.0,$0.29 ,5.30%,0.37,2346179.0,70.80%,19.50%,25.10%,18.19%,1616550.0,-22.328474,24.684866,68.9013924342516,0
Brazil,25,33.90%,"8,515,770","730,000",13.92,"462,299",167.4,3.70%,1.73,58.90%,$1.02 ,"$1,839,758,040,766 ",115.40%,51.30%,12.8,75.7,60.0,$1.53 ,28.30%,2.15,212559417.0,63.90%,14.20%,65.10%,12.08%,183241641.0,-14.235004,-51.92528,86.20725611041735,1
Brunei,83,2.70%,"5,765","8,000",14.9,"7,664",99.03,-0.40%,1.85,72.10%,$0.37 ,"$13,469,422,941 ",103.20%,31.40%,9.8,75.7,31.0,,6.00%,1.61,433285.0,64.70%,,8.00%,9.12%,337711.0,4.535277,114.727669,77.94200122321335,1
Bulgaria,64,46.30%,"110,879","31,000",8.9,"41,708",114.42,3.10%,1.56,35.40%,$1.11 ,"$86,000,000,000 ",89.30%,71.00%,5.9,74.9,10.0,$1.57 ,47.70%,4.03,6975761.0,55.40%,20.20%,28.30%,4.34%,5256027.0,42.733883,25.48583,75.34700515112259,1
Burkina Faso,76,44.20%,"274,200","11,000",37.93,"3,418",106.58,-3.20%,5.19,19.30%,$0.98 ,"$15,745,810,235 ",96.10%,6.50%,49.0,61.2,320.0,$0.34 ,36.10%,0.08,20321378.0,66.40%,15.00%,41.30%,6.26%,6092349.0,12.238333,-1.561593,29.97999938783679,0
Burundi,463,79.20%,"27,830","31,000",39.01,495,182.11,-0.70%,5.41,10.90%,$1.21 ,"$3,012,334,882 ",121.40%,6.10%,41.0,61.2,548.0,,19.10%,0.1,11530580.0,79.20%,13.60%,41.20%,1.43%,1541177.0,-3.373056,29.918886,13.365997200487747,0
Ivory Coast,83,64.80%,"322,463","27,000",35.74,"9,674",111.61,-0.90%,4.65,32.70%,$0.93 ,"$58,792,205,642 ",99.80%,9.30%,59.4,57.4,617.0,$0.36 ,36.00%,0.23,25716544.0,57.00%,11.80%,50.10%,3.32%,13176900.0,7.539989,-5.54708,51.23900007714878,0
Cape Verde,138,19.60%,"4,033","1,000",19.49,543,110.5,1.10%,2.27,22.50%,$1.02 ,"$1,981,845,741 ",104.00%,23.60%,16.7,72.8,58.0,$0.68 ,23.20%,0.77,483628.0,60.50%,20.10%,37.50%,12.25%,364029.0,16.5388,-23.0418,75.27045580487483,1
Cambodia,95,30.90%,"181,035","191,000",22.46,"9,919",127.63,2.50%,2.5,52.90%,$0.90 ,"$27,089,389,787 ",107.40%,13.70%,24.0,69.6,160.0,,59.40%,0.17,16486542.0,82.30%,17.10%,23.10%,0.68%,3924621.0,12.565679,104.990963,23.80499804021971,0
Cameroon,56,20.60%,"475,440","24,000",35.39,"8,291",118.65,2.50%,4.57,39.30%,$1.03 ,"$38,760,467,033 ",103.40%,12.80%,50.6,58.9,529.0,$0.35 ,69.70%,0.09,25876380.0,76.10%,12.80%,57.70%,3.38%,14741256.0,7.369722,12.354722,56.96799938785874,0
Canada,4,6.90%,"9,984,670","72,000",10.1,"544,894",116.76,1.90%,1.5,38.20%,$0.81 ,"$1,736,425,629,520 ",100.90%,68.90%,4.3,81.9,10.0,$9.51 ,14.60%,2.61,36991981.0,65.10%,12.80%,24.50%,5.56%,30628482.0,56.130366,-106.346771,82.79762578814041,1
Central African Republic,8,8.20%,"622,984","8,000",35.35,297,186.86,37.10%,4.72,35.60%,$1.41 ,"$2,220,307,369 ",102.00%,3.00%,84.5,52.8,829.0,$0.37 ,39.60%,0.06,4745185.0,72.00%,8.60%,73.30%,3.68%,1982064.0,6.611111,20.939444,41.770004752185635,0
Chad,13,39.70%,"1,284,000","35,000",42.17,"1,016",117.7,-1.00%,5.75,3.80%,$0.78 ,"$11,314,951,343 ",86.80%,3.30%,71.4,54.0,1140.0,$0.60 ,56.40%,0.04,15946876.0,70.70%,,63.50%,1.89%,3712273.0,15.454166,18.732207,23.278998344252503,0
Chile,26,21.20%,"756,096","122,000",12.43,"85,822",131.91,2.60%,1.65,24.30%,$1.03 ,"$282,318,159,745 ",101.40%,88.50%,6.2,80.0,13.0,$2.00 ,32.20%,2.59,18952038.0,62.60%,18.20%,34.00%,7.09%,16610135.0,-35.675147,-71.542969,87.6430017711024,1
China,153,56.20%,"9,596,960","2,695,000",10.9,"9,893,038",125.08,2.90%,1.69,22.40%,$0.96 ,"$19,910,000,000,000 ",100.20%,50.60%,7.4,77.0,29.0,$0.87 ,32.40%,1.98,1397715000.0,68.00%,9.40%,59.20%,4.32%,842933962.0,35.86166,104.195397,60.30799998569093,1
Colombia,46,40.30%,"1,138,910","481,000",14.88,"97,814",140.95,3.50%,1.81,52.70%,$0.68 ,"$323,802,808,108 ",114.50%,55.30%,12.2,77.1,83.0,$1.23 ,18.30%,2.18,50339443.0,68.80%,14.40%,71.20%,9.71%,40827302.0,4.570868,-74.297333,81.10400029654679,1
Comoros,467,71.50%,"2,235",,31.88,202,103.62,-4.30%,4.21,19.70%,,"$1,185,728,677 ",99.50%,9.00%,51.3,64.1,273.0,$0.71 ,74.80%,0.27,850886.0,43.30%,,219.60%,4.34%,248152.0,-11.6455,43.3333,29.163953808148214,0
Republic of the Congo,16,31.10%,"342,000","12,000",32.86,"3,282",124.74,2.20%,4.43,65.40%,$0.97 ,"$10,820,591,131 ",106.60%,12.70%,36.2,64.3,378.0,$0.88 ,43.80%,0.12,5380508.0,69.40%,9.00%,54.30%,9.47%,3625010.0,-0.228021,15.827659,67.37300641500765,0
Costa Rica,100,34.50%,"51,100","10,000",13.97,"8,023",128.85,2.10%,1.75,54.60%,$0.98 ,"$61,773,944,174 ",113.30%,55.20%,7.6,80.1,27.0,$1.84 ,21.50%,2.89,5047561.0,62.10%,13.60%,58.30%,11.85%,4041885.0,9.748917,-83.753428,80.07600106269147,1
Croatia,73,27.60%,"56,594","18,000",9.0,"17,488",109.82,0.80%,1.47,34.40%,$1.26 ,"$60,415,553,039 ",96.50%,67.90%,4.0,78.1,8.0,$2.92 ,15.20%,3.0,4067500.0,51.20%,22.00%,20.50%,6.93%,2328318.0,45.1,15.2,57.24199139520591,1
Cuba,106,59.90%,"110,860","76,000",10.17,"28,284",,,1.62,31.30%,$1.40 ,"$100,023,000,000 ",101.90%,41.40%,3.7,78.7,36.0,$0.05 ,,8.42,11333483.0,53.60%,,,1.64%,8739135.0,21.521757,-77.781167,77.10899641354736,1
Cyprus,131,12.20%,"9,251","16,000",10.46,"6,626",102.51,0.30%,1.33,18.70%,$1.23 ,"$24,564,647,935 ",99.30%,75.90%,1.9,80.8,6.0,,43.90%,1.95,1198575.0,63.10%,24.50%,22.40%,7.27%,800708.0,35.126413,33.429859,66.80499760131823,1
Czech Republic,139,45.20%,"78,867","23,000",10.7,"102,218",116.48,2.80%,1.69,34.60%,$1.17 ,"$246,489,245,495 ",100.70%,64.10%,2.7,79.0,3.0,$3.00 ,14.80%,4.12,10669709.0,60.60%,14.90%,46.10%,1.93%,7887156.0,49.817492,15.472962,73.92100384368496,1
Democratic Republic of the Congo,40,11.60%,"2,344,858","134,000",41.18,"2,021",133.85,2.90%,5.92,67.20%,$1.49 ,"$47,319,624,204 ",108.00%,6.60%,68.2,60.4,473.0,$0.18 ,37.40%,0.07,86790567.0,63.50%,10.70%,50.70%,4.24%,39095679.0,-4.038333,21.758664,45.046000217972995,0
Denmark,137,62.00%,"43,094","15,000",10.6,"31,786",110.35,0.80%,1.73,14.70%,$1.55 ,"$348,078,018,464 ",101.30%,80.60%,3.6,81.0,4.0,,13.70%,4.01,5818553.0,62.20%,32.40%,23.80%,4.91%,5119978.0,56.26392,9.501785,87.99400813226244,1
Djibouti,43,73.40%,"23,200","13,000",21.47,620,120.25,3.30%,2.73,0.20%,$1.32 ,"$3,318,716,359 ",75.30%,5.30%,49.8,66.6,248.0,,20.40%,0.22,973560.0,60.20%,,37.90%,10.30%,758549.0,11.825138,42.590275,77.91497185586918,0
Dominica,96,33.30%,751,,12.0,180,103.87,1.00%,1.9,57.40%,,"$596,033,333 ",114.70%,7.20%,32.9,76.6,,$1.48 ,28.40%,1.08,71808.0,,22.10%,32.60%,,50830.0,15.414999,-61.370976,70.78598484848484,1
Dominican Republic,225,48.70%,"48,670","71,000",19.51,"25,258",135.5,1.80%,2.35,41.70%,$1.07 ,"$88,941,298,258 ",105.70%,59.90%,24.1,73.9,95.0,$0.40 ,43.70%,1.56,10738958.0,64.30%,13.00%,48.80%,5.84%,8787475.0,18.735693,-70.162651,81.82800416949205,1
Ecuador,71,22.20%,"283,561","41,000",19.72,"41,155",124.14,0.30%,2.43,50.20%,$0.61 ,"$107,435,665,000 ",103.30%,44.90%,12.2,76.8,59.0,$2.46 ,43.70%,2.04,17373662.0,68.00%,,34.40%,3.97%,11116711.0,-1.831239,-78.183406,63.985997885765244,1
Egypt,103,3.80%,"1,001,450","836,000",26.38,"238,560",288.57,9.20%,3.33,0.10%,$0.40 ,"$303,175,127,598 ",106.30%,35.20%,18.1,71.8,37.0,,62.00%,0.45,100388073.0,46.40%,12.50%,44.40%,10.76%,42895824.0,26.820553,30.802498,42.73000040552626,0
El Salvador,313,76.40%,"21,041","42,000",18.25,"7,169",111.23,0.10%,2.04,12.60%,$0.83 ,"$27,022,640,000 ",94.80%,29.40%,11.8,73.1,46.0,$0.50 ,27.90%,1.57,6453553.0,59.10%,18.10%,36.40%,4.11%,4694702.0,13.794185,-88.89653,72.74600518505078,1
Equatorial Guinea,50,10.10%,"28,051","1,000",33.24,"5,655",124.35,1.20%,4.51,55.50%,,"$11,026,774,945 ",61.80%,1.90%,62.6,58.4,301.0,$1.05 ,72.00%,0.4,1355986.0,62.00%,6.10%,79.40%,6.43%,984812.0,1.650801,10.267895,72.62700352363521,0
Eritrea,35,75.20%,"117,600","202,000",30.3,711,,,4.06,14.90%,$2.00 ,"$2,065,001,626 ",68.40%,3.40%,31.3,65.9,480.0,,52.40%,0.06,6333135.0,78.40%,,83.70%,5.14%,1149670.0,15.179384,39.782334,18.153252693965943,0
Estonia,31,23.10%,"45,228","6,000",10.9,"16,590",122.14,2.30%,1.59,51.30%,$1.14 ,"$31,386,949,981 ",97.20%,69.60%,2.1,78.2,9.0,$3.14 ,22.80%,4.48,1331824.0,63.60%,20.90%,47.80%,5.11%,916024.0,58.595272,25.013607,68.7796585735052,1
Eswatini,67,,"17,364",,,,,,,,,"$3,791,304,348 ",,,,,,,11.30%,,1093238.0,,28.60%,,,,-26.522503,31.465866,,0
Ethiopia,115,36.30%,"1,104,300","138,000",32.34,"14,870",143.86,15.80%,4.25,12.50%,$0.75 ,"$96,107,662,398 ",101.00%,8.10%,39.1,66.2,401.0,,37.80%,0.08,112078730.0,79.60%,7.50%,37.70%,2.08%,23788710.0,9.145,40.489673,21.22499960518825,0
Fiji,49,23.30%,"18,274","4,000",21.28,"2,046",132.3,1.80%,2.77,55.90%,$0.82 ,"$5,535,548,972 ",106.40%,16.10%,21.6,67.3,34.0,$1.28 ,21.40%,0.84,889953.0,57.60%,24.20%,32.10%,4.10%,505048.0,-17.713371,178.065032,56.74996320030383,0
Finland,18,7.50%,"338,145","25,000",8.6,"45,871",112.33,1.00%,1.41,73.10%,$1.45 ,"$268,761,201,365 ",100.20%,88.20%,1.4,81.7,3.0,,19.90%,3.81,5520314.0,59.10%,20.80%,36.60%,6.59%,4716888.0,61.92411,25.748151,85.44600904948523,1
France,119,52.40%,"643,801","307,000",11.3,"303,276",110.05,1.10%,1.88,31.20%,$1.39 ,"$2,715,518,274,227 ",102.50%,65.60%,3.4,82.5,8.0,$11.16 ,6.80%,3.27,67059887.0,55.10%,24.20%,60.70%,8.43%,54123364.0,46.227638,2.213749,80.70899970350382,1
Gabon,9,20.00%,"267,667","7,000",31.61,"5,321",122.19,2.10%,3.97,90.00%,$0.92 ,"$16,657,960,228 ",139.90%,8.30%,32.7,66.2,252.0,$1.46 ,25.90%,0.68,2172579.0,52.90%,10.20%,47.10%,20.00%,1949694.0,-0.803689,11.609444,89.7409944586595,0
The Gambia,239,59.80%,"11,300","1,000",38.54,532,172.73,7.10%,5.22,48.40%,$1.18 ,"$1,763,819,048 ",98.00%,2.70%,39.0,61.7,597.0,$0.13 ,20.30%,0.1,2347706.0,59.40%,9.40%,48.40%,9.06%,1453958.0,13.443182,-15.310139,61.931008397133205,0
Georgia,57,34.50%,"69,700","26,000",13.47,"10,128",133.61,4.90%,2.06,40.60%,$0.76 ,"$17,743,195,770 ",98.60%,63.90%,8.7,73.6,25.0,$0.05 ,57.30%,7.12,3720382.0,68.30%,21.70%,9.90%,14.40%,2196476.0,42.315407,43.356892,59.038991157359646,1
Germany,240,47.70%,"357,022","180,000",9.5,"727,973",112.85,1.40%,1.56,32.70%,$1.39 ,"$3,845,630,030,824 ",104.00%,70.20%,3.1,80.9,7.0,$9.99 ,12.50%,4.25,83132799.0,60.80%,11.50%,48.80%,3.04%,64324835.0,51.165691,10.451526,77.37600053620233,1
Ghana,137,69.00%,"238,533","16,000",29.41,"16,670",268.36,7.20%,3.87,41.20%,$0.92 ,"$66,983,634,224 ",104.80%,15.70%,34.9,63.8,308.0,$0.27 ,36.10%,0.14,30792608.0,67.80%,12.60%,55.40%,4.33%,17249054.0,7.946527,-1.023194,56.01686612579226,0
Greece,81,47.60%,"131,957","146,000",8.1,"62,434",101.87,0.20%,1.35,31.70%,$1.54 ,"$209,852,761,469 ",99.60%,136.60%,3.6,81.3,3.0,$4.46 ,35.50%,5.48,10716322.0,51.80%,26.20%,51.90%,17.24%,8507474.0,39.074208,21.824312,79.38800271212455,1
Grenada,331,23.50%,349,,16.47,268,107.43,0.80%,2.06,50.00%,$1.12 ,"$1,228,170,370 ",106.90%,104.60%,13.7,72.4,25.0,,57.00%,1.41,112003.0,,19.40%,47.80%,,40765.0,12.1165,-61.679,36.396346526432325,1
Guatemala,167,36.00%,"108,889","43,000",24.56,"16,777",142.92,3.70%,2.87,32.70%,$0.79 ,"$76,710,385,880 ",101.90%,21.80%,22.1,74.1,95.0,$1.60 ,55.80%,0.35,16604026.0,62.30%,10.60%,35.20%,2.46%,8540945.0,15.783471,-90.230759,51.43900039665079,1
Guinea,53,59.00%,"245,857","13,000",36.36,"2,996",262.95,9.50%,4.7,25.80%,$0.90 ,"$13,590,281,809 ",91.50%,11.60%,64.9,61.2,576.0,,54.50%,0.08,12771246.0,61.50%,10.80%,69.30%,4.30%,4661505.0,9.945587,-9.696645,36.50000164431881,0
Guinea-Bissau,70,58.00%,"36,125","4,000",35.13,293,111.65,1.40%,4.48,69.80%,,"$1,340,389,411 ",118.70%,2.60%,54.0,58.0,667.0,$0.16 ,37.20%,0.13,1920922.0,72.00%,10.30%,45.50%,2.47%,840922.0,11.803749,-15.180413,43.776998753723475,0
Guyana,4,8.60%,"214,969","3,000",19.97,"2,384",116.19,2.10%,2.46,83.90%,$0.90 ,"$4,280,443,645 ",97.80%,11.60%,25.1,69.8,169.0,$0.98 ,40.50%,0.8,782766.0,56.20%,,30.60%,11.85%,208912.0,4.860416,-58.93018,26.68894663283791,0
Haiti,414,66.80%,"27,750",0,24.35,"2,978",179.29,12.50%,2.94,3.50%,$0.81 ,"$8,498,981,821 ",113.60%,1.10%,49.5,63.7,480.0,$0.25 ,36.30%,0.23,11263077.0,67.20%,,42.70%,13.78%,6328948.0,18.971187,-72.285215,56.191997977106965,0
Vatican City,"2,003",,0,,,,,,,,,,,,,,,,,,836.0,,,,,,41.902916,12.453389,,0
Honduras,89,28.90%,"112,090","23,000",21.6,"9,813",150.34,4.40%,2.46,40.00%,$0.98 ,"$25,095,395,475 ",91.50%,26.20%,15.1,75.1,65.0,$1.01 ,49.10%,0.31,9746117.0,68.80%,17.30%,39.10%,5.39%,5626433.0,15.199999,-86.241905,57.72999646936313,1
Hungary,107,58.40%,"93,028","40,000",9.6,"45,537",121.64,3.30%,1.54,22.90%,$1.18 ,"$160,967,157,504 ",100.80%,48.50%,3.6,75.8,12.0,$2.62 ,29.00%,3.41,9769949.0,56.50%,23.00%,37.90%,3.40%,6999582.0,47.162494,19.503304,71.643997322811,1
Iceland,3,18.70%,"103,000",0,12.0,"2,065",129,3.00%,1.71,0.50%,$1.69 ,"$24,188,035,739 ",100.40%,71.80%,1.5,82.7,4.0,,17.00%,4.08,361313.0,75.00%,23.30%,31.90%,2.84%,339110.0,64.963051,-19.020835,93.85491249968864,1
India,464,60.40%,"3,287,263","3,031,000",17.86,"2,407,672",180.44,7.70%,2.22,23.80%,$0.97 ,"$2,611,000,000,000 ",113.00%,28.10%,29.9,69.4,145.0,$0.30 ,65.10%,0.86,1366417754.0,49.30%,11.20%,49.70%,5.36%,471031528.0,20.593684,78.96288,34.47199998837252,0
Indonesia,151,31.50%,"1,904,569","676,000",18.07,"563,325",151.18,3.00%,2.31,49.90%,$0.63 ,"$1,119,190,780,753 ",106.40%,36.30%,21.1,71.5,177.0,$0.48 ,48.30%,0.43,270203917.0,67.50%,10.20%,30.10%,4.69%,151509724.0,-0.789275,113.921327,56.07236404348646,0
Iran,52,28.20%,"1,648,195","563,000",18.78,"661,710",550.93,39.90%,2.14,6.60%,$0.40 ,"$445,345,282,123 ",110.70%,68.10%,12.4,76.5,16.0,$1.58 ,39.70%,1.58,82913906.0,44.70%,7.40%,44.70%,11.38%,62509623.0,32.427908,53.688046,75.3910001538222,1
Iraq,93,21.40%,"438,317","209,000",29.08,"190,061",119.86,0.40%,3.67,1.90%,$0.61 ,"$234,094,042,939 ",108.70%,16.20%,22.5,70.5,79.0,$1.24 ,76.50%,0.71,39309783.0,43.00%,2.00%,30.80%,12.82%,27783368.0,33.223191,43.679291,70.67799890933003,0
Republic of Ireland,72,64.50%,"70,273","9,000",12.5,"37,711",106.58,0.90%,1.75,11.00%,$1.37 ,"$388,698,711,348 ",100.90%,77.80%,3.1,82.3,5.0,$10.79 ,15.20%,3.31,5007069.0,62.10%,18.30%,26.10%,4.93%,3133123.0,53.41291,-8.24389,62.57399288885374,1
Israel,400,24.60%,"20,770","178,000",20.8,"65,166",108.15,0.80%,3.09,7.70%,$1.57 ,"$395,098,666,122 ",104.90%,63.40%,3.0,82.8,3.0,$7.58 ,24.40%,4.62,9053300.0,64.00%,23.10%,25.30%,3.86%,8374393.0,31.046051,34.851612,92.50099963549204,1
Italy,206,43.20%,"301,340","347,000",7.3,"320,411",110.62,0.60%,1.29,31.80%,$1.61 ,"$2,001,244,392,042 ",101.90%,61.90%,2.6,82.9,2.0,,22.80%,3.98,60297396.0,49.60%,24.30%,59.10%,9.89%,42651966.0,41.87194,12.56738,70.73599994268409,1
Jamaica,273,41.00%,"10,991","4,000",16.1,"8,225",162.47,3.90%,1.98,30.90%,$1.11 ,"$16,458,071,068 ",91.00%,27.10%,12.4,74.4,80.0,$1.33 ,23.70%,1.31,2948279.0,66.00%,26.80%,35.10%,8.00%,1650594.0,18.109581,-77.297508,55.98500006274847,1
Japan,347,12.30%,"377,944","261,000",7.4,"1,135,886",105.48,0.50%,1.42,68.50%,$1.06 ,"$5,081,769,542,380 ",98.80%,63.20%,1.8,84.2,5.0,$6.77 ,13.10%,2.41,126226568.0,61.70%,11.90%,46.70%,2.29%,115782416.0,36.204824,138.252924,91.72586867766222,1
Jordan,115,12.00%,"89,342","116,000",21.98,"25,108",125.6,0.80%,2.76,1.10%,$1.10 ,"$43,743,661,972 ",81.50%,34.40%,13.9,74.4,46.0,$1.49 ,25.10%,2.32,10101694.0,39.30%,15.10%,28.60%,14.72%,9213048.0,30.585164,36.238414,91.2030002096678,1
Kazakhstan,7,80.40%,"2,724,900","71,000",21.77,"247,207",182.75,5.20%,2.84,1.20%,$0.42 ,"$180,161,741,180 ",104.40%,61.70%,8.8,73.2,10.0,$0.41 ,38.80%,3.25,18513930.0,68.80%,11.70%,28.40%,4.59%,10652915.0,48.019573,66.923684,57.53999826076905,1
Kenya,94,48.50%,"580,367","29,000",28.75,"17,910",180.51,4.70%,3.49,7.80%,$0.95 ,"$95,503,088,538 ",103.20%,11.50%,30.6,66.3,342.0,$0.25 ,33.40%,0.16,52573973.0,74.70%,15.10%,37.20%,2.64%,14461523.0,-0.023559,37.906193,27.507000469604986,0
Kiribati,147,42.00%,811,,27.89,66,99.55,0.60%,3.57,15.00%,,"$194,647,202 ",101.30%,,41.2,68.1,92.0,,0.20%,0.2,117606.0,,22.00%,32.70%,,64489.0,1.8368976,-157.3768317,54.83478734078193,0
Kuwait,240,8.40%,"17,818","25,000",13.94,"98,734",126.6,1.10%,2.08,0.40%,$0.35 ,"$134,761,198,946 ",92.40%,54.40%,6.7,75.4,12.0,$0.95 ,14.40%,2.58,4207083.0,73.50%,1.40%,13.00%,2.18%,4207083.0,29.31166,47.481766,100.0,1
Kyrgyzstan,34,55.00%,"199,951","21,000",27.1,"9,787",155.68,1.10%,3.3,3.30%,$0.56 ,"$8,454,619,608 ",107.60%,41.30%,16.9,71.4,60.0,$0.09 ,48.20%,1.88,6456900.0,59.80%,18.00%,29.00%,6.33%,2362644.0,41.20438,74.766098,36.59099567904103,0
Laos,32,10.30%,"236,800","129,000",23.55,"17,763",135.87,3.30%,2.67,82.10%,$0.93 ,"$18,173,839,128 ",102.40%,15.00%,37.6,67.6,185.0,$0.83 ,45.40%,0.37,7169455.0,78.50%,12.90%,24.10%,0.63%,2555552.0,19.85627,102.495496,35.64499672569254,0
Latvia,30,31.10%,"64,589","6,000",10.0,"7,004",116.86,2.80%,1.6,54.00%,$1.16 ,"$34,117,202,555 ",99.40%,88.10%,3.3,74.7,19.0,$2.80 ,41.60%,3.19,1912789.0,61.40%,22.90%,38.10%,6.52%,1304943.0,56.879635,24.603189,68.22200462256946,1
Lebanon,667,64.30%,"10,400","80,000",17.55,"24,796",130.02,3.00%,2.09,13.40%,$0.74 ,"$53,367,042,272 ",95.10%,26.30%,6.4,78.9,29.0,$2.15 ,32.10%,2.1,6855713.0,47.00%,15.30%,32.20%,6.23%,6084994.0,33.854721,35.862285,88.75800372623533,1
Lesotho,71,77.60%,"30,355","2,000",26.81,"2,512",155.86,5.20%,3.14,1.60%,$0.70 ,"$2,460,072,444 ",120.90%,10.20%,65.7,53.7,544.0,$0.41 ,16.90%,0.07,2125268.0,67.90%,31.60%,13.60%,23.41%,607508.0,-29.609988,28.233608,28.58500669092086,0
Liberia,53,28.00%,"111,369","2,000",33.04,"1,386",223.13,23.60%,4.32,43.10%,$0.80 ,"$3,070,518,100 ",85.10%,11.90%,53.5,63.7,661.0,$0.17 ,19.60%,0.04,4937374.0,76.30%,12.90%,46.20%,2.81%,2548426.0,6.428055,-9.429499,51.61500830198401,0
Libya,4,8.70%,"1,759,540",0,18.83,"50,564",125.71,2.60%,2.24,0.10%,$0.11 ,"$52,076,250,948 ",109.00%,60.50%,10.2,72.7,72.0,$1.88 ,36.70%,2.09,6777452.0,49.70%,,32.60%,18.56%,5448597.0,26.3351,17.228331,80.39300020125557,1
Liechtenstein,238,32.20%,160,,9.9,51,,,1.44,43.10%,$1.74 ,"$6,552,858,739 ",104.70%,35.60%,,83.0,,,,,38019.0,,,21.60%,,5464.0,47.1410392,9.520935,14.371761487677215,1
Lithuania,43,47.20%,"65,300","34,000",10.0,"12,963",118.38,2.30%,1.63,34.80%,$1.16 ,"$54,219,315,600 ",103.90%,72.40%,3.3,75.7,8.0,$2.41 ,32.10%,6.35,2786844.0,61.60%,16.90%,42.60%,6.35%,1891013.0,55.169438,23.881275,67.85500013635496,1
Luxembourg,242,53.70%,"2,586","2,000",10.3,"8,988",115.09,1.70%,1.37,35.70%,$1.19 ,"$71,104,919,108 ",102.30%,19.20%,1.9,82.1,5.0,$13.05 ,10.60%,3.01,645397.0,59.30%,26.50%,20.40%,5.36%,565488.0,49.815273,6.129583,87.61862853406508,1
Madagascar,48,71.20%,"587,041","22,000",32.66,"3,905",184.33,5.60%,4.08,21.40%,$1.11 ,"$14,083,906,357 ",142.50%,5.40%,38.2,66.7,335.0,$0.21 ,21.70%,0.18,26969307.0,86.10%,10.20%,38.30%,1.76%,10210849.0,-18.766947,46.869107,37.8609988013411,0
Malawi,203,61.40%,"118,484","15,000",34.12,"1,298",418.34,9.40%,4.21,33.20%,$1.15 ,"$7,666,704,427 ",142.50%,0.80%,35.3,63.8,349.0,$0.12 ,11.00%,0.04,18628747.0,76.70%,17.30%,34.50%,5.65%,3199301.0,-13.254308,34.301525,17.173999947500494,0
Malaysia,99,26.30%,"329,847","136,000",16.75,"248,289",121.46,0.70%,2.0,67.60%,$0.45 ,"$364,701,517,788 ",105.30%,45.10%,6.7,76.0,29.0,$0.93 ,36.70%,1.51,32447385.0,64.30%,12.00%,38.70%,3.32%,24475766.0,4.210484,101.975766,75.43216810846236,1
Maldives,"1,802",26.30%,298,"5,000",14.2,"1,445",99.7,0.20%,1.87,3.30%,$1.63 ,"$5,729,248,472 ",97.10%,31.20%,7.4,78.6,53.0,,16.40%,4.56,530953.0,69.80%,19.50%,30.20%,6.14%,213645.0,3.202778,73.22068,40.23802483458988,1
Mali,17,33.80%,"1,240,192","18,000",41.54,"3,179",108.73,-1.70%,5.88,3.80%,$1.12 ,"$17,510,141,171 ",75.60%,4.50%,62.0,58.9,562.0,$0.23 ,46.30%,0.13,19658031.0,70.80%,11.60%,54.50%,7.22%,8479688.0,17.570692,-3.996166,43.13599871726726,0
Malta,"1,380",32.40%,316,"2,000",9.2,"1,342",113.45,1.60%,1.23,1.10%,$1.36 ,"$14,786,156,563 ",105.00%,54.30%,6.1,82.3,6.0,$5.07 ,37.10%,2.86,502653.0,56.50%,26.20%,44.00%,3.47%,475902.0,35.937496,14.375416,94.6780383286283,1
Marshall Islands,329,63.90%,181,,29.03,143,,,4.05,70.20%,$1.44 ,"$221,278,000 ",84.70%,23.70%,27.4,65.2,,$2.00 ,10.00%,0.42,58791.0,,17.80%,65.90%,,45514.0,7.131474,171.184478,77.4166113860965,0
Mauritania,5,38.50%,"1,030,700","21,000",33.69,"2,739",135.02,2.30%,4.56,0.20%,$1.13 ,"$7,593,752,450 ",99.90%,5.00%,51.5,64.7,766.0,$0.53 ,48.20%,0.19,4525696.0,45.90%,,67.00%,9.55%,2466821.0,21.00789,-10.940835,54.506997376757084,0
Mauritius,626,42.40%,"2,040","3,000",10.2,"4,349",129.91,0.40%,1.41,19.00%,$1.12 ,"$14,180,444,557 ",101.10%,40.60%,13.6,74.4,61.0,$0.38 ,50.70%,2.53,1265711.0,58.30%,19.10%,22.20%,6.67%,515980.0,-20.348404,57.552152,40.76602004723037,1
Mexico,66,54.60%,"1,964,375","336,000",17.6,"486,406",141.54,3.60%,2.13,33.90%,$0.73 ,"$1,258,286,717,125 ",105.80%,40.20%,11.0,75.0,33.0,$0.49 ,41.40%,2.38,126014024.0,60.70%,13.10%,55.10%,3.42%,102626859.0,23.634501,-102.552784,81.4408236023,1
Federated States of Micronesia,784,31.40%,702,,22.82,143,112.1,0.50%,3.05,91.90%,,"$401,932,279 ",97.20%,14.10%,25.6,67.8,88.0,,2.50%,0.18,113815.0,,25.20%,60.50%,,25963.0,7.425554,150.550812,22.811580195931995,0
Moldova,123,74.20%,"33,851","7,000",10.1,"5,115",166.2,4.80%,1.26,12.60%,$0.80 ,"$11,955,435,457 ",90.60%,39.80%,13.6,71.8,19.0,$0.31 ,46.20%,3.21,2657637.0,43.10%,17.70%,38.70%,5.47%,1135502.0,47.411631,28.369885,42.72600057870958,0
Monaco,"26,337",,2,,5.9,,,,,,$2.00 ,"$7,184,844,193 ",,,2.6,,,$11.72 ,6.10%,6.56,38964.0,,,,,38964.0,43.7384176,7.4246158,100.0,0
Mongolia,2,71.50%,"1,564,116","18,000",24.13,"25,368",195.76,7.30%,2.9,8.00%,$0.72 ,"$13,852,850,259 ",104.00%,65.60%,14.0,69.7,45.0,$0.65 ,39.30%,2.86,3225167.0,59.70%,16.80%,25.70%,6.01%,2210626.0,46.862496,103.846656,68.5429932775574,0
Montenegro,47,19.00%,"13,812","12,000",11.73,"2,017",116.32,2.60%,1.75,61.50%,$1.16 ,"$5,494,736,901 ",100.00%,56.10%,2.3,76.8,6.0,$1.23 ,31.80%,2.76,622137.0,54.40%,,22.20%,14.88%,417765.0,42.708678,19.37439,67.15000072331335,1
Morocco,83,68.50%,"446,550","246,000",18.94,"61,276",111.07,0.20%,2.42,12.60%,$0.99 ,"$118,725,279,596 ",113.90%,35.90%,19.2,76.5,70.0,$1.60 ,53.10%,0.73,36910560.0,45.30%,21.90%,45.80%,9.02%,22975026.0,31.791702,-7.09262,62.245129849018824,1
Mozambique,40,63.50%,"799,380","11,000",37.52,"7,943",182.31,2.80%,4.85,48.00%,$0.65 ,"$14,934,159,926 ",112.60%,7.30%,54.0,60.2,289.0,$0.27 ,6.80%,0.08,30366036.0,78.10%,0.00%,36.10%,3.24%,11092106.0,-18.665695,35.529562,36.52800121820313,0
Myanmar,83,19.50%,"676,578","513,000",17.55,"25,280",168.18,8.80%,2.15,43.60%,$0.54 ,"$76,085,852,617 ",112.30%,18.80%,36.8,66.9,250.0,$0.39 ,73.90%,0.68,54045420.0,61.70%,5.40%,31.20%,1.58%,16674093.0,21.916221,95.955974,30.85200003996638,0
Namibia,3,47.10%,"824,292","16,000",28.64,"4,228",157.97,3.70%,3.4,8.30%,$0.76 ,"$12,366,527,719 ",124.20%,22.90%,29.0,63.4,195.0,,8.30%,0.42,2494530.0,59.50%,27.10%,20.70%,20.27%,1273258.0,-22.95764,18.49041,51.04199989577195,0
Nauru,541,,21,,,,,,,,,"$133,000,000 ",,,,,,,,,10084.0,,,,,,-0.522778,166.931503,,0
Nepal,203,28.70%,"147,181","112,000",19.89,"9,105",188.73,5.60%,1.92,25.40%,$0.91 ,"$30,641,380,604 ",142.10%,12.40%,26.7,70.5,186.0,$0.36 ,60.40%,0.75,28608710.0,83.80%,20.70%,41.80%,1.41%,5765513.0,28.394857,84.124008,20.152998859438263,0
Netherlands,508,53.30%,"41,543","41,000",9.7,"170,780",115.91,2.60%,1.59,11.20%,$1.68 ,"$909,070,395,161 ",104.20%,85.00%,3.3,81.8,5.0,$10.29 ,12.30%,3.61,17332850.0,63.60%,23.00%,41.20%,3.20%,15924729.0,52.132633,5.291266,91.87599846534182,1
New Zealand,18,40.50%,"268,838","9,000",11.98,"34,382",114.24,1.60%,1.71,38.60%,$1.40 ,"$206,928,765,544 ",100.00%,82.00%,4.7,81.9,9.0,$11.49 ,12.60%,3.59,4841000.0,69.90%,29.00%,34.60%,4.07%,4258860.0,-40.900557,174.885971,87.97479859533154,1
Nicaragua,55,42.10%,"130,370","12,000",20.64,"5,592",162.74,5.40%,2.4,25.90%,$0.91 ,"$12,520,915,291 ",120.60%,17.40%,15.7,74.3,98.0,$0.54 ,36.00%,0.98,6545502.0,66.40%,15.60%,60.60%,6.84%,3846137.0,12.865416,-85.207229,58.76000037888615,1
Niger,19,36.10%,"1,267,000","10,000",46.08,"2,017",109.32,-2.50%,6.91,0.90%,$0.88 ,"$12,928,145,120 ",74.70%,4.40%,48.0,62.0,509.0,$0.29 ,52.30%,0.04,23310715.0,72.00%,11.80%,47.20%,0.47%,3850231.0,17.607789,8.081666,16.517000872774602,0
Nigeria,226,77.70%,"923,768","215,000",37.91,"120,369",267.51,11.40%,5.39,7.20%,$0.46 ,"$448,120,428,859 ",84.70%,10.20%,75.7,54.3,917.0,$0.54 ,72.20%,0.38,200963599.0,52.90%,1.50%,34.80%,8.10%,102806948.0,9.081999,8.675277,51.15699983060116,0
North Korea,214,21.80%,"120,538","1,469,000",13.89,"28,284",,,1.9,40.70%,$0.58 ,"$32,100,000,000 ",112.80%,27.00%,13.7,72.1,89.0,,,3.67,25666161.0,80.40%,,,2.74%,15947412.0,40.339852,127.510093,62.13399814643101,0
North Macedonia,83,,"25,713",,,,,,,,,"$10,220,781,069 ",,,,,,,35.60%,,1836713.0,,,,,,41.608635,21.745275,,0
Norway,15,2.70%,"323,802","23,000",10.4,"41,023",120.27,2.20%,1.56,33.20%,$1.78 ,"$403,336,363,636 ",100.30%,82.00%,2.1,82.8,2.0,,14.30%,2.92,5347896.0,63.80%,23.90%,36.20%,3.35%,4418218.0,60.472024,8.468946,82.61600449971354,1
Oman,16,4.60%,"309,500","47,000",19.19,"63,457",113.53,0.10%,2.89,0.00%,$0.45 ,"$76,983,094,928 ",103.40%,38.00%,9.8,77.6,19.0,$4.33 ,6.40%,2.0,5266535.0,72.40%,2.50%,27.40%,2.67%,4250777.0,21.4735329,55.975413,80.71297352054054,1
Pakistan,287,47.80%,"796,095","936,000",28.25,"201,150",182.32,10.60%,3.51,1.90%,$0.79 ,"$304,400,000,000 ",94.30%,9.00%,57.2,67.1,140.0,$0.69 ,66.50%,0.98,216565318.0,52.60%,9.20%,33.90%,4.45%,79927762.0,30.375321,69.345116,36.90700003959083,0
Palau,39,10.90%,459,,14.0,224,118.17,1.30%,2.21,87.60%,,"$283,994,900 ",112.60%,54.70%,16.6,69.1,,$3.00 ,21.80%,1.18,18233.0,,21.30%,76.60%,,14491.0,7.51498,134.58252,79.4767728843306,0
Palestinian National Authority,847,,,,,,,,,,,,,,,,,,,,,,,,,,31.952162,35.233154,,0
Panama,58,30.40%,"75,420","26,000",18.98,"10,715",122.07,-0.40%,2.46,61.90%,$0.74 ,"$66,800,800,000 ",94.40%,47.80%,13.1,78.3,52.0,$1.53 ,30.50%,1.57,4246439.0,66.60%,,37.20%,3.90%,2890084.0,8.537981,-80.782127,68.0590019072451,1
Papua New Guinea,20,2.60%,"462,840","4,000",27.07,"7,536",155.99,3.60%,3.56,74.10%,$1.36 ,"$24,969,611,435 ",108.50%,1.80%,38.0,64.3,145.0,$1.16 ,5.80%,0.07,8776109.0,47.20%,13.60%,37.10%,2.46%,1162834.0,-6.314993,143.95555,13.249994957902187,0
Paraguay,18,55.10%,"406,752","27,000",20.57,"7,407",143.82,2.80%,2.43,37.70%,$1.04 ,"$38,145,288,940 ",104.40%,34.60%,17.2,74.1,129.0,$1.55 ,36.50%,1.35,7044636.0,72.10%,10.00%,35.00%,4.81%,4359150.0,-23.442503,-58.443832,61.878995593242855,1
Peru,26,18.50%,"1,285,216","158,000",17.95,"57,414",129.78,2.10%,2.25,57.70%,$0.99 ,"$226,848,050,820 ",106.90%,70.70%,11.1,76.5,88.0,$1.28 ,30.90%,1.27,32510453.0,77.60%,14.30%,36.80%,3.31%,25390339.0,-9.189967,-75.015152,78.09900095824564,1
Philippines,368,41.70%,"300,000","153,000",20.55,"122,287",129.61,2.50%,2.58,27.80%,$0.86 ,"$376,795,508,680 ",107.50%,35.50%,22.5,71.1,121.0,$1.12 ,53.50%,0.6,108116615.0,59.60%,14.00%,43.10%,2.15%,50975903.0,12.879721,121.774017,47.14900017911216,0
Poland,124,46.90%,"312,685","191,000",10.2,"299,037",114.11,2.20%,1.46,30.90%,$1.07 ,"$592,164,400,688 ",100.00%,67.80%,3.8,77.6,2.0,$2.93 ,23.20%,2.38,37970874.0,56.70%,17.40%,40.80%,3.47%,22796574.0,51.919438,19.145136,60.0370009918655,1
Portugal,111,39.50%,"92,212","52,000",8.5,"48,742",110.62,0.30%,1.38,34.60%,$1.54 ,"$237,686,075,635 ",106.20%,63.90%,3.1,81.3,8.0,$3.78 ,27.70%,5.12,10269417.0,58.80%,22.80%,39.80%,6.33%,6753579.0,39.399872,-8.224454,65.76399614505867,1
Qatar,248,5.80%,"11,586","22,000",9.54,"103,259",115.38,-0.70%,1.87,0.00%,$0.40 ,"$183,466,208,791 ",103.80%,17.90%,5.8,80.1,9.0,,6.20%,2.49,2832067.0,86.80%,14.70%,11.30%,0.09%,2809071.0,25.354826,51.183884,99.18801356041365,1
Romania,84,58.80%,"238,391","126,000",9.6,"69,259",123.78,3.80%,1.71,30.10%,$1.16 ,"$250,077,444,017 ",85.20%,49.40%,6.1,75.4,19.0,$2.25 ,21.30%,2.98,19356544.0,54.70%,14.60%,20.00%,3.98%,10468793.0,45.943161,24.96676,54.083998672490296,1
Russia,9,13.30%,"17,098,240","1,454,000",11.5,"1,732,027",180.75,4.50%,1.57,49.80%,$0.59 ,"$1,699,876,578,871 ",102.60%,81.90%,6.1,72.7,17.0,$0.53 ,36.40%,4.01,144373535.0,61.80%,11.40%,46.20%,4.59%,107683889.0,61.52401,105.318756,74.58700031137978,1
Rwanda,525,73.40%,"26,338","35,000",31.7,"1,115",151.09,3.40%,4.04,19.70%,$1.17 ,"$10,122,472,590 ",133.00%,6.70%,27.0,68.7,248.0,,26.00%,0.13,12626950.0,83.70%,14.30%,33.20%,1.03%,2186104.0,-1.940278,29.873888,17.31300116021684,0
Saint Kitts and Nevis,205,23.10%,261,,12.6,238,104.57,-1.00%,2.11,42.30%,,"$1,050,992,593 ",108.70%,86.70%,9.8,71.3,,$3.33 ,56.60%,2.52,52823.0,,18.50%,49.70%,,16269.0,17.357822,-62.782998,30.79908373246503,0
Saint Lucia,301,17.40%,616,,12.0,414,110.13,1.90%,1.44,33.20%,$1.30 ,"$2,122,450,630 ",102.60%,14.10%,14.9,76.1,117.0,,48.40%,0.64,182790.0,67.10%,18.20%,34.70%,20.71%,34280.0,13.909444,-60.978893,18.753761146671046,1
Saint Vincent and the Grenadines,284,25.60%,389,,14.24,220,109.67,2.30%,1.89,69.20%,,"$825,385,185 ",113.40%,23.70%,14.8,72.4,68.0,$1.16 ,21.40%,0.66,100455.0,65.90%,25.40%,37.00%,18.88%,58185.0,12.984305,-61.287228,57.92145736897118,1
Samoa,70,12.40%,"2,831",,24.38,246,117.56,1.00%,3.88,60.40%,$0.91 ,"$850,655,017 ",110.50%,7.60%,13.6,73.2,43.0,$0.78 ,11.50%,0.34,202506.0,43.70%,25.50%,19.30%,8.36%,35588.0,-13.759029,-172.104629,17.573800282460766,1
San Marino,566,16.70%,61,,6.8,,110.63,1.00%,1.26,0.00%,,"$1,637,931,034 ",108.10%,42.50%,1.7,85.4,,,18.30%,6.11,33860.0,,18.10%,36.20%,,32969.0,43.94236,12.457777,97.36857649143532,1
S�����������,228,50.70%,964,"1,000",31.54,121,185.09,7.90%,4.32,55.80%,,"$429,016,605 ",106.80%,13.40%,24.4,70.2,130.0,,11.70%,0.05,215056.0,57.80%,14.60%,37.00%,13.37%,158277.0,,,73.59803958038836,0
Saudi Arabia,16,80.80%,"2,149,690","252,000",17.8,"563,449",118.4,-1.20%,2.32,0.50%,$0.24 ,"$792,966,838,162 ",99.80%,68.00%,6.0,75.0,17.0,$3.85 ,15.00%,2.61,34268528.0,55.90%,8.90%,15.70%,5.93%,28807838.0,23.885942,45.079162,84.06499981557421,1
Senegal,87,46.10%,"196,722","19,000",34.52,"10,902",109.25,1.80%,4.63,42.80%,$1.14 ,"$23,578,084,052 ",81.00%,12.80%,31.8,67.7,315.0,$0.31 ,44.20%,0.07,16296364.0,45.70%,16.30%,44.80%,6.60%,7765706.0,14.497401,-14.452362,47.652997932544956,0
Serbia,100,39.30%,"77,474","32,000",9.2,"45,221",144,1.80%,1.49,31.10%,$1.16 ,"$51,409,167,351 ",100.30%,67.20%,4.8,75.5,12.0,$1.57 ,40.60%,3.11,6944975.0,54.90%,18.60%,36.60%,12.69%,3907243.0,44.016521,21.005859,56.2600009359285,1
Seychelles,214,3.40%,455,0,17.1,605,129.96,1.80%,2.41,88.40%,,"$1,698,843,063 ",100.40%,17.10%,12.4,72.8,53.0,$2.00 ,2.50%,0.95,97625.0,,34.10%,30.10%,,55762.0,-4.679574,55.491977,57.11856594110115,1
Sierra Leone,111,54.70%,"71,740","9,000",33.41,"1,093",234.16,14.80%,4.26,43.10%,$1.08 ,"$3,941,474,311 ",112.80%,2.00%,78.5,54.3,1120.0,$0.57 ,38.20%,0.03,7813215.0,57.90%,8.60%,30.70%,4.43%,3319366.0,8.460555,-11.779889,42.48399666462525,0
Singapore,"8,358",0.90%,716,"81,000",8.8,"37,535",114.41,0.60%,1.14,23.10%,$1.25 ,"$372,062,527,489 ",100.60%,84.80%,2.3,83.1,8.0,,36.70%,2.29,5703569.0,70.50%,13.10%,21.00%,4.11%,5703569.0,1.352083,103.819836,100.0,1
Slovakia,114,39.20%,"49,035","16,000",10.6,"32,424",115.34,2.70%,1.52,40.40%,$1.32 ,"$105,422,304,976 ",98.70%,46.60%,4.6,77.2,5.0,$3.11 ,18.40%,3.42,5454073.0,59.50%,18.70%,49.70%,5.56%,2930419.0,48.669026,19.699024,53.729002160403795,1
Slovenia,103,30.70%,"20,273","7,000",9.4,"12,633",111.05,1.60%,1.6,62.00%,$1.32 ,"$53,742,159,517 ",100.40%,78.60%,1.7,81.0,7.0,$5.25 ,12.50%,3.09,2087946.0,58.40%,18.60%,31.00%,4.20%,1144654.0,46.151241,14.995463,54.8220116803787,1
Solomon Islands,25,3.90%,"28,896",,32.44,169,133.06,1.60%,4.4,77.90%,,"$1,425,074,226 ",106.20%,,17.1,72.8,104.0,$0.40 ,3.30%,0.19,669823.0,83.80%,29.50%,32.00%,0.58%,162164.0,-9.64571,160.156194,24.209977859822672,1
Somalia,25,70.30%,"637,657","20,000",41.75,645,,,6.07,10.00%,$1.41 ,"$4,720,727,278 ",23.40%,2.50%,76.6,57.1,829.0,,,0.02,15442905.0,47.40%,0.00%,,11.35%,7034861.0,5.152149,46.199616,45.554000364568715,0
South Africa,49,79.80%,"1,219,090","80,000",20.51,"476,644",158.93,4.10%,2.41,7.60%,$0.92 ,"$351,431,649,241 ",100.90%,22.40%,28.5,63.9,119.0,,7.70%,0.91,58558270.0,56.00%,27.50%,29.20%,28.18%,39149717.0,-30.559482,22.937506,66.85600001502776,0
South Korea,527,17.40%,"99,720","634,000",6.4,"620,302",115.16,0.40%,0.98,63.40%,$1.22 ,"$2,029,000,000,000 ",98.10%,94.30%,2.7,82.6,11.0,$6.49 ,36.80%,2.36,51709098.0,63.00%,15.60%,33.20%,4.15%,42106719.0,35.907757,127.766922,81.43000096424038,1
South Sudan,18,,"644,329","185,000",35.01,"1,727","4,583.71",187.90%,4.7,,$0.28 ,"$11,997,800,751 ",73.00%,,63.7,57.6,1150.0,,61.30%,,11062113.0,72.40%,,31.40%,12.24%,2201250.0,6.8769919,31.3069788,19.899001212516996,0
Spain,94,52.60%,"505,370","196,000",7.9,"244,002",110.96,0.70%,1.26,36.90%,$1.26 ,"$1,394,116,310,769 ",102.70%,88.90%,2.5,83.3,4.0,$5.60 ,24.20%,3.87,47076781.0,57.50%,14.20%,47.00%,13.96%,37927409.0,40.463667,-3.74922,80.56500082280476,1
Sri Lanka,341,43.70%,"65,610","317,000",15.83,"23,362",155.53,3.50%,2.2,32.90%,$0.88 ,"$84,008,783,756 ",100.20%,19.60%,6.4,76.8,36.0,$0.35 ,38.40%,1.0,21803000.0,53.90%,11.90%,55.20%,4.20%,4052088.0,7.873054,80.771797,18.585002063936155,1
Sudan,25,28.70%,"1,861,484","124,000",32.18,"20,000","1,344.19",51.00%,4.41,8.10%,$0.95 ,"$18,902,284,476 ",76.80%,16.90%,42.1,65.1,295.0,$0.41 ,63.20%,0.26,42813238.0,48.40%,8.00%,45.40%,16.53%,14957233.0,12.862807,30.217636,34.93600040249233,0
Suriname,4,0.60%,"163,820","2,000",18.54,"1,738",294.66,22.00%,2.42,98.30%,$1.29 ,"$3,985,250,737 ",108.80%,12.60%,16.9,71.6,120.0,,10.10%,1.21,581372.0,51.10%,19.50%,27.90%,7.33%,384258.0,3.919305,-56.027783,66.09503037641991,0
Sweden,25,7.40%,"450,295","30,000",11.4,"43,252",110.51,1.80%,1.76,68.90%,$1.42 ,"$530,832,908,738 ",126.60%,67.00%,2.2,82.5,4.0,,15.20%,3.98,10285453.0,64.60%,27.90%,49.10%,6.48%,9021165.0,60.128161,18.643501,87.70799886013772,1
Switzerland,219,38.40%,"41,277","21,000",10.0,"34,477",99.55,0.40%,1.52,31.80%,$1.45 ,"$703,082,435,360 ",105.20%,59.60%,3.7,83.6,5.0,,28.30%,4.3,8574832.0,68.30%,10.10%,28.80%,4.58%,6332428.0,46.818188,8.227512,73.84900368893524,1
Syria,95,75.80%,"185,180","239,000",23.69,"28,830",143.2,36.70%,2.81,2.70%,$0.83 ,"$40,405,006,007 ",81.70%,40.10%,14.0,71.8,31.0,$1.02 ,53.70%,1.22,17070135.0,44.10%,14.20%,42.70%,8.37%,9358019.0,34.802075,38.996815,54.821001708539505,0
Tajikistan,68,34.10%,"144,100","17,000",30.76,"5,310",148.57,6.00%,3.59,3.00%,$0.71 ,"$8,116,626,794 ",100.90%,31.30%,30.4,70.9,17.0,$0.23 ,63.10%,1.7,9321018.0,42.00%,9.80%,67.30%,11.02%,2545477.0,38.861034,71.276093,27.309002085394535,0
Tanzania,67,44.80%,"947,300","28,000",36.7,"11,973",187.43,3.50%,4.89,51.60%,$0.87 ,"$63,177,068,175 ",94.20%,4.00%,37.6,65.0,524.0,$0.09 ,26.10%,0.01,58005463.0,83.40%,11.50%,43.80%,1.98%,20011885.0,-6.369028,34.888822,34.50000045685352,0
Thailand,137,43.30%,"513,120","455,000",10.34,"283,763",113.27,0.70%,1.53,32.20%,$0.71 ,"$543,649,976,166 ",99.80%,49.30%,7.8,76.9,37.0,$1.06 ,11.80%,0.81,69625582.0,67.30%,14.90%,29.50%,0.75%,35294600.0,15.870032,100.992541,50.69199996058919,1
East Timor,89,25.60%,"14,874","2,000",29.42,495,145.38,2.60%,4.02,45.40%,$1.10 ,"$1,673,540,300 ",115.30%,17.80%,39.3,69.3,142.0,$0.60 ,10.20%,0.72,3500000.0,67.30%,25.00%,17.30%,4.55%,400182.0,-8.874217,125.727539,11.43377142857143,0
Togo,152,70.20%,"56,785","10,000",33.11,"3,000",113.3,0.70%,4.32,3.10%,$0.71 ,"$5,459,979,417 ",123.80%,14.50%,47.4,60.8,396.0,$0.34 ,51.00%,0.08,8082366.0,77.60%,16.90%,48.20%,2.04%,3414638.0,8.619543,0.824782,42.24800015243061,0
Tonga,147,45.80%,747,,24.3,128,121.09,7.40%,3.56,12.50%,,"$450,353,314 ",116.30%,6.40%,13.4,70.8,52.0,,10.20%,0.52,100209.0,59.80%,22.30%,27.50%,1.12%,24145.0,-21.178986,-175.198242,24.094642197806586,0
Trinidad and Tobago,273,10.50%,"5,128","4,000",12.94,"43,868",141.75,1.00%,1.73,46.00%,$0.54 ,"$24,100,202,834 ",106.20%,12.00%,16.4,73.4,67.0,$2.25 ,37.30%,4.17,1394973.0,60.00%,19.50%,40.50%,2.69%,741944.0,10.691803,-61.222503,53.1869792461933,1
Tunisia,76,64.80%,"163,610","48,000",17.56,"29,937",155.33,6.70%,2.2,6.80%,$0.73 ,"$38,797,709,924 ",115.40%,31.70%,14.6,76.5,43.0,$0.47 ,39.80%,1.3,11694719.0,46.10%,21.10%,60.70%,16.02%,8099061.0,33.886917,9.537499,69.25400259724069,1
Turkey,110,49.80%,"783,562","512,000",16.03,"372,725",234.44,15.20%,2.07,15.40%,$1.42 ,"$754,411,708,203 ",93.20%,23.90%,9.1,77.4,17.0,$3.45 ,16.90%,1.85,83429615.0,52.80%,17.90%,42.30%,13.49%,63097818.0,38.963745,35.243322,75.63000021035697,1
Turkmenistan,13,72.00%,"488,100","42,000",23.83,"70,630",,,2.79,8.80%,$0.29 ,"$40,761,142,857 ",88.40%,8.00%,39.3,68.1,7.0,$0.88 ,71.10%,2.22,5942089.0,64.50%,,,3.91%,3092738.0,38.969719,59.556278,52.04799187625766,0
Tuvalu,393,60.00%,26,,,11,,,,33.30%,,"$47,271,463 ",86.00%,,20.6,,,,0.70%,0.92,11646.0,,,,,7362.0,-7.109535,177.64933,63.214837712519326,0
Uganda,229,71.90%,"241,038","46,000",38.14,"5,680",173.87,2.90%,4.96,9.70%,$0.94 ,"$34,387,229,486 ",102.70%,4.80%,33.8,63.0,375.0,$0.01 ,40.50%,0.17,44269594.0,70.30%,11.70%,33.70%,1.84%,10784516.0,1.373333,32.290275,24.36100046456265,0
Ukraine,75,71.70%,"603,550","297,000",8.7,"202,250",281.66,7.90%,1.3,16.70%,$0.83 ,"$153,781,069,118 ",99.00%,82.70%,7.5,71.6,19.0,$0.84 ,47.80%,2.99,44385155.0,54.20%,20.10%,45.20%,8.88%,30835699.0,48.379433,31.16558,69.47300060121452,0
United Arab Emirates,118,5.50%,"83,600","63,000",10.33,"206,324",114.52,-1.90%,1.41,4.60%,$0.49 ,"$421,142,267,938 ",108.40%,36.80%,6.5,77.8,3.0,,17.80%,2.53,9770529.0,82.10%,0.10%,15.90%,2.35%,8479744.0,23.424076,53.847818,86.78899576471242,1
United Kingdom,281,71.70%,"243,610","148,000",11.0,"379,025",119.62,1.70%,1.68,13.10%,$1.46 ,"$2,827,113,184,696 ",101.20%,60.00%,3.6,81.3,7.0,$10.13 ,14.80%,2.81,66834405.0,62.80%,25.50%,30.60%,3.85%,55908316.0,55.378051,-3.435973,83.65199929587163,1
United States,36,44.40%,"9,833,517","1,359,000",11.6,"5,006,302",117.24,7.50%,1.73,33.90%,$0.71 ,"$21,427,700,000,000 ",101.80%,88.20%,5.6,78.5,19.0,$7.25 ,11.10%,2.61,328239523.0,62.00%,9.60%,36.60%,14.70%,270663028.0,37.09024,-95.712891,82.45899991756934,1
Uruguay,20,82.60%,"176,215","22,000",13.86,"6,766",202.92,7.90%,1.97,10.70%,$1.50 ,"$56,045,912,952 ",108.50%,63.10%,6.4,77.8,17.0,$1.66 ,16.20%,5.05,3461734.0,64.00%,20.10%,41.80%,8.73%,3303394.0,-32.522779,-55.765835,95.42599171397917,1
Uzbekistan,79,62.90%,"447,400","68,000",23.3,"91,811",,,2.42,7.50%,$1.03 ,"$57,921,286,440 ",104.20%,10.10%,19.1,71.6,29.0,$0.24 ,42.70%,2.37,33580650.0,65.10%,14.80%,31.60%,5.92%,16935729.0,41.377491,64.585262,50.43299936123928,0
Vanuatu,25,15.30%,"12,189",,29.6,147,117.13,2.80%,3.78,36.10%,$1.31 ,"$917,058,851 ",109.30%,4.70%,22.3,70.3,72.0,$1.56 ,8.90%,0.17,299882.0,69.90%,17.80%,8.50%,4.39%,76152.0,-15.376706,166.959158,25.39398830206548,0
Venezuela,32,24.50%,"912,050","343,000",17.88,"164,175","2,740.27",254.90%,2.27,52.70%,$0.00 ,"$482,359,318,768 ",97.20%,79.30%,21.4,72.1,125.0,$0.01 ,45.80%,1.92,28515829.0,59.70%,,73.30%,8.80%,25162368.0,6.42375,-66.58973,88.2400017197466,0
Vietnam,314,39.30%,"331,210","522,000",16.75,"192,668",163.52,2.80%,2.05,48.10%,$0.80 ,"$261,921,244,843 ",110.60%,28.50%,16.5,75.3,43.0,$0.73 ,43.50%,0.82,96462106.0,77.40%,19.10%,37.60%,2.01%,35332140.0,14.058324,108.277199,36.6279998075099,1
Yemen,56,44.60%,"527,968","40,000",30.45,"10,609",157.58,8.10%,3.79,1.00%,$0.92 ,"$26,914,402,224 ",93.60%,10.20%,42.9,66.1,164.0,,81.00%,0.31,29161922.0,38.00%,,26.60%,12.91%,10869523.0,15.552727,48.516388,37.27299935854708,0
Zambia,25,32.10%,"752,618","16,000",36.19,"5,141",212.31,9.20%,4.63,65.20%,$1.40 ,"$23,064,722,446 ",98.70%,4.10%,40.4,63.5,213.0,$0.24 ,27.50%,1.19,17861030.0,74.60%,16.20%,15.60%,11.43%,7871713.0,-13.133897,27.849332,44.07199920721258,0
Zimbabwe,38,41.90%,"390,757","51,000",30.68,"10,983",105.51,0.90%,3.62,35.50%,$1.34 ,"$21,440,758,800 ",109.90%,10.00%,33.9,61.2,458.0,,25.80%,0.21,14645468.0,83.10%,20.70%,31.60%,4.95%,4717305.0,-19.015438,29.154857,32.20999834214926,0
